{
  "experiment": {
    "model_key": "qwen3_06b",
    "model_name": "Qwen/Qwen3-0.6B",
    "model_revision": "c1899de289a04d12100db370d81485cdf75e47ca",
    "dataset": "agnews",
    "dataset_revision": null,
    "n_examples": 500,
    "operators": [
      "delete",
      "retrieval"
    ],
    "sentiment_scrub": false,
    "k_values": [
      0.2,
      0.5,
      0.8
    ],
    "n_permutations": 50,
    "seed": 42
  },
  "environment": {
    "timestamp": "2026-01-08T22:05:34.785334",
    "python_version": "3.10.12",
    "pytorch_version": "2.9.1+cu128",
    "transformers_version": "4.57.3",
    "cuda_version": "12.8",
    "platform": "Linux-5.15.0-105-generic-x86_64-with-glibc2.35",
    "gpu_name": "NVIDIA RTX A4000",
    "gpu_vram_gb": 15.6
  },
  "results": {
    "delete": {
      "n_examples": 251,
      "necessity_wr": {
        "delete": {
          "0.2": 0.47832669322709165,
          "0.5": 0.5705179282868525,
          "0.8": 0.5666932270916335
        }
      },
      "sufficiency_wr": {
        "delete": {
          "0.2": 0.6118725099601593,
          "0.5": 0.5722709163346613,
          "0.8": 0.5680478087649402
        }
      },
      "wilcoxon_necessity_p": {
        "delete": {
          "0.2": 0.9997318695575561,
          "0.5": 0.13843031354578134,
          "0.8": 0.06886246722644919
        }
      },
      "wilcoxon_sufficiency_p": {
        "delete": {
          "0.2": 8.365759576855937e-10,
          "0.5": 1.4247983258053865e-06,
          "0.8": 5.030773240513512e-09
        }
      },
      "wilcoxon_necessity_p_bh": {
        "delete": {
          "0.2": 0.9997318695575561,
          "0.5": 0.1661163762549376,
          "0.8": 0.10329370083967379
        }
      },
      "wilcoxon_sufficiency_p_bh": {
        "delete": {
          "0.2": 5.019455746113562e-09,
          "0.5": 2.849596651610773e-06,
          "0.8": 1.5092319721540536e-08
        }
      },
      "taxonomy": {
        "delete": {
          "0.2": "lucky_tokens",
          "0.5": "truly_faithful",
          "0.8": "lucky_tokens"
        }
      }
    },
    "retrieval": {
      "n_examples": 251,
      "necessity_wr": {
        "retrieval": {
          "0.2": 0.5048605577689242,
          "0.5": 0.5168127490039841,
          "0.8": 0.4976892430278884
        }
      },
      "sufficiency_wr": {
        "retrieval": {
          "0.2": 0.529003984063745,
          "0.5": 0.5385657370517929,
          "0.8": 0.5096414342629482
        }
      },
      "wilcoxon_necessity_p": {
        "retrieval": {
          "0.2": 0.9999916292436951,
          "0.5": 0.8383055857750451,
          "0.8": 0.9956747254831583
        }
      },
      "wilcoxon_sufficiency_p": {
        "retrieval": {
          "0.2": 0.008661713820254872,
          "0.5": 8.800275703821451e-05,
          "0.8": 0.004448192507516363
        }
      },
      "wilcoxon_necessity_p_bh": {
        "retrieval": {
          "0.2": 0.9999916292436951,
          "0.5": 0.9999916292436951,
          "0.8": 0.9999916292436951
        }
      },
      "wilcoxon_sufficiency_p_bh": {
        "retrieval": {
          "0.2": 0.017323427640509745,
          "0.5": 0.000528016542229287,
          "0.8": 0.01334457752254909
        }
      },
      "taxonomy": {
        "retrieval": {
          "0.2": "lucky_tokens",
          "0.5": "random_guess",
          "0.8": "lucky_tokens"
        }
      }
    }
  }
}