{
  "experiment": {
    "model_key": "qwen3_06b",
    "model_name": "Qwen/Qwen3-0.6B",
    "model_revision": "c1899de289a04d12100db370d81485cdf75e47ca",
    "dataset": "sst2",
    "dataset_revision": null,
    "n_examples": 500,
    "operators": [
      "delete",
      "retrieval"
    ],
    "sentiment_scrub": false,
    "k_values": [
      0.2,
      0.5,
      0.8
    ],
    "n_permutations": 50,
    "seed": 42
  },
  "environment": {
    "timestamp": "2026-01-08T11:58:42.358497",
    "python_version": "3.10.12",
    "pytorch_version": "2.9.1+cu128",
    "transformers_version": "4.57.3",
    "cuda_version": "12.8",
    "platform": "Linux-5.15.0-105-generic-x86_64-with-glibc2.35",
    "gpu_name": "NVIDIA RTX A4000",
    "gpu_vram_gb": 15.6
  },
  "results": {
    "delete": {
      "n_examples": 454,
      "necessity_wr": {
        "delete": {
          "0.2": 0.4618942731277533,
          "0.5": 0.5359471365638766,
          "0.8": 0.5877533039647578
        }
      },
      "sufficiency_wr": {
        "delete": {
          "0.2": 0.545726872246696,
          "0.5": 0.5061674008810573,
          "0.8": 0.44312775330396476
        }
      },
      "wilcoxon_necessity_p": {
        "delete": {
          "0.2": 0.9930365447324165,
          "0.5": 0.03379146030298615,
          "0.8": 1.0720158663125173e-06
        }
      },
      "wilcoxon_sufficiency_p": {
        "delete": {
          "0.2": 1.926024509348888e-07,
          "0.5": 0.011207899857234143,
          "0.8": 0.1572417742442334
        }
      },
      "wilcoxon_necessity_p_bh": {
        "delete": {
          "0.2": 0.9930365447324165,
          "0.5": 0.050687190454479225,
          "0.8": 3.216047598937552e-06
        }
      },
      "wilcoxon_sufficiency_p_bh": {
        "delete": {
          "0.2": 1.155614705609333e-06,
          "0.5": 0.022415799714468287,
          "0.8": 0.18869012909308008
        }
      },
      "taxonomy": {
        "delete": {
          "0.2": "lucky_tokens",
          "0.5": "random_guess",
          "0.8": "context_dependent"
        }
      }
    },
    "retrieval": {
      "n_examples": 454,
      "necessity_wr": {
        "retrieval": {
          "0.2": 0.5087224669603524,
          "0.5": 0.5007488986784141,
          "0.8": 0.4919823788546256
        }
      },
      "sufficiency_wr": {
        "retrieval": {
          "0.2": 0.4840528634361233,
          "0.5": 0.5040088105726872,
          "0.8": 0.48541850220264315
        }
      },
      "wilcoxon_necessity_p": {
        "retrieval": {
          "0.2": 0.9608440170148859,
          "0.5": 0.9657225948762845,
          "0.8": 0.9879334606719977
        }
      },
      "wilcoxon_sufficiency_p": {
        "retrieval": {
          "0.2": 0.4138915220289242,
          "0.5": 0.0990087621896949,
          "0.8": 0.2784104084120683
        }
      },
      "wilcoxon_necessity_p_bh": {
        "retrieval": {
          "0.2": 0.9879334606719977,
          "0.5": 0.9879334606719977,
          "0.8": 0.9879334606719977
        }
      },
      "wilcoxon_sufficiency_p_bh": {
        "retrieval": {
          "0.2": 0.8277830440578484,
          "0.5": 0.5940525731381694,
          "0.8": 0.8277830440578484
        }
      },
      "taxonomy": {
        "retrieval": {
          "0.2": "random_guess",
          "0.5": "random_guess",
          "0.8": "random_guess"
        }
      }
    }
  }
}