{
  "experiment": {
    "model_key": "llama32_3b",
    "model_name": "meta-llama/Llama-3.2-3B-Instruct",
    "model_revision": "0cb88a4f764b7a12671c53f0838cd831a0843b95",
    "dataset": "sst2",
    "dataset_revision": null,
    "n_examples": 500,
    "operators": [
      "delete",
      "retrieval"
    ],
    "sentiment_scrub": false,
    "k_values": [
      0.2,
      0.5,
      0.8
    ],
    "n_permutations": 50,
    "seed": 42
  },
  "environment": {
    "timestamp": "2026-01-07T10:35:26.360630",
    "python_version": "3.10.12",
    "pytorch_version": "2.9.1+cu128",
    "transformers_version": "4.57.3",
    "cuda_version": "12.8",
    "platform": "Linux-5.15.0-105-generic-x86_64-with-glibc2.35",
    "gpu_name": "NVIDIA RTX A4000",
    "gpu_vram_gb": 15.6
  },
  "results": {
    "delete": {
      "n_examples": 464,
      "necessity_wr": {
        "delete": {
          "0.2": 0.4859051724137931,
          "0.5": 0.5052586206896552,
          "0.8": 0.6172413793103447
        }
      },
      "sufficiency_wr": {
        "delete": {
          "0.2": 0.5202155172413793,
          "0.5": 0.5079741379310344,
          "0.8": 0.47810344827586204
        }
      },
      "wilcoxon_necessity_p": {
        "delete": {
          "0.2": 0.9999485143518418,
          "0.5": 0.9999830152065611,
          "0.8": 0.0023744150143969966
        }
      },
      "wilcoxon_sufficiency_p": {
        "delete": {
          "0.2": 1.669904966449068e-08,
          "0.5": 7.862640391158768e-05,
          "0.8": 0.020425928305752305
        }
      },
      "wilcoxon_necessity_p_bh": {
        "delete": {
          "0.2": 0.9999830152065611,
          "0.5": 0.9999830152065611,
          "0.8": 0.004748830028793993
        }
      },
      "wilcoxon_sufficiency_p_bh": {
        "delete": {
          "0.2": 1.0019429798694407e-07,
          "0.5": 0.00023587921173476303,
          "0.8": 0.030638892458628456
        }
      },
      "taxonomy": {
        "delete": {
          "0.2": "lucky_tokens",
          "0.5": "random_guess",
          "0.8": "truly_faithful"
        }
      }
    },
    "retrieval": {
      "n_examples": 464,
      "necessity_wr": {
        "retrieval": {
          "0.2": 0.49870689655172407,
          "0.5": 0.5054741379310346,
          "0.8": 0.48344827586206895
        }
      },
      "sufficiency_wr": {
        "retrieval": {
          "0.2": 0.48103448275862065,
          "0.5": 0.48094827586206895,
          "0.8": 0.4799137931034483
        }
      },
      "wilcoxon_necessity_p": {
        "retrieval": {
          "0.2": 0.9999937083897262,
          "0.5": 0.9999320902987071,
          "0.8": 0.9996777845715697
        }
      },
      "wilcoxon_sufficiency_p": {
        "retrieval": {
          "0.2": 0.6316927676037297,
          "0.5": 0.0635496282253236,
          "0.8": 0.02190186897494078
        }
      },
      "wilcoxon_necessity_p_bh": {
        "retrieval": {
          "0.2": 0.9999937083897262,
          "0.5": 0.9999937083897262,
          "0.8": 0.9999937083897262
        }
      },
      "wilcoxon_sufficiency_p_bh": {
        "retrieval": {
          "0.2": 0.9999937083897262,
          "0.5": 0.1906488846759708,
          "0.8": 0.13141121384964466
        }
      },
      "taxonomy": {
        "retrieval": {
          "0.2": "random_guess",
          "0.5": "random_guess",
          "0.8": "random_guess"
        }
      }
    }
  }
}