{
  "experiment": {
    "model_key": "llama32_3b",
    "model_name": "meta-llama/Llama-3.2-3B-Instruct",
    "model_revision": "0cb88a4f764b7a12671c53f0838cd831a0843b95",
    "dataset": "esnli",
    "dataset_revision": null,
    "n_examples": 500,
    "operators": [
      "delete",
      "retrieval"
    ],
    "sentiment_scrub": false,
    "k_values": [
      0.2,
      0.5,
      0.8
    ],
    "n_permutations": 50,
    "seed": 42
  },
  "environment": {
    "timestamp": "2026-01-12T15:18:38.503457",
    "python_version": "3.10.12",
    "pytorch_version": "2.9.1+cu128",
    "transformers_version": "4.57.3",
    "cuda_version": "12.8",
    "platform": "Linux-5.15.0-105-generic-x86_64-with-glibc2.35",
    "gpu_name": "NVIDIA RTX A4000",
    "gpu_vram_gb": 15.6
  },
  "results": {
    "delete": {
      "n_examples": 97,
      "necessity_wr": {
        "delete": {
          "0.2": 0.3498969072164948,
          "0.5": 0.3490721649484536,
          "0.8": 0.43175257731958766
        }
      },
      "sufficiency_wr": {
        "delete": {
          "0.2": 0.5628865979381443,
          "0.5": 0.5649484536082474,
          "0.8": 0.5329896907216495
        }
      },
      "wilcoxon_necessity_p": {
        "delete": {
          "0.2": 0.999972747587217,
          "0.5": 0.999976992833711,
          "0.8": 0.9806416594853525
        }
      },
      "wilcoxon_sufficiency_p": {
        "delete": {
          "0.2": 0.020754993380519584,
          "0.5": 0.0010663843692847344,
          "0.8": 0.01039255144015478
        }
      },
      "wilcoxon_necessity_p_bh": {
        "delete": {
          "0.2": 0.999976992833711,
          "0.5": 0.999976992833711,
          "0.8": 0.999976992833711
        }
      },
      "wilcoxon_sufficiency_p_bh": {
        "delete": {
          "0.2": 0.04150998676103917,
          "0.5": 0.006398306215708406,
          "0.8": 0.03117765432046434
        }
      },
      "taxonomy": {
        "delete": {
          "0.2": "lucky_tokens",
          "0.5": "lucky_tokens",
          "0.8": "lucky_tokens"
        }
      }
    },
    "retrieval": {
      "n_examples": 97,
      "necessity_wr": {
        "retrieval": {
          "0.2": 0.49278350515463915,
          "0.5": 0.45835051546391753,
          "0.8": 0.5342268041237114
        }
      },
      "sufficiency_wr": {
        "retrieval": {
          "0.2": 0.5274226804123712,
          "0.5": 0.48000000000000004,
          "0.8": 0.5156701030927835
        }
      },
      "wilcoxon_necessity_p": {
        "retrieval": {
          "0.2": 0.9145203757361198,
          "0.5": 0.8618052373894152,
          "0.8": 0.06332453113147109
        }
      },
      "wilcoxon_sufficiency_p": {
        "retrieval": {
          "0.2": 0.3219069015279328,
          "0.5": 0.7120983980755062,
          "0.8": 0.3750741917220506
        }
      },
      "wilcoxon_necessity_p_bh": {
        "retrieval": {
          "0.2": 0.9145203757361198,
          "0.5": 0.9145203757361198,
          "0.8": 0.37994718678882655
        }
      },
      "wilcoxon_sufficiency_p_bh": {
        "retrieval": {
          "0.2": 0.7501483834441012,
          "0.5": 0.9145203757361198,
          "0.8": 0.7501483834441012
        }
      },
      "taxonomy": {
        "retrieval": {
          "0.2": "random_guess",
          "0.5": "random_guess",
          "0.8": "random_guess"
        }
      }
    }
  }
}