{
  "config": {
    "dataset": "sst2",
    "dataset_revision": null,
    "model": "textattack/bert-base-uncased-SST-2",
    "model_revision": null,
    "extractors": [
      "attention"
    ],
    "operator": "retrieval",
    "k": 0.2,
    "n_permutations": 100,
    "max_examples": 500,
    "seed": 42,
    "timestamp": "20260218_101856"
  },
  "results": {
    "retrieval": {
      "attention": {
        "win_rate": 0.5803212851405622,
        "effect_size": 0.2532930772717608,
        "mean_nsd": -0.02850503121717605,
        "std_nsd": 5.002140839696357,
        "mean_p_value": 0.4254244701578591,
        "n_significant": 30,
        "n_examples": 498,
        "wilcoxon_p": 0.0008422576180067944
      }
    }
  }
}