{
  "config": {
    "dataset": "esnli",
    "dataset_revision": null,
    "model": "textattack/bert-base-uncased-snli",
    "model_revision": null,
    "extractors": [
      "attention",
      "gradient",
      "integrated_gradients",
      "lime"
    ],
    "operator": "retrieval",
    "k": 0.2,
    "n_permutations": 100,
    "max_examples": 500,
    "seed": 42,
    "timestamp": "20260218_083715"
  },
  "results": {
    "retrieval": {
      "attention": {
        "error": "no_valid_results"
      },
      "gradient": {
        "win_rate": 0.5668915662650602,
        "effect_size": 0.30417304632448855,
        "mean_nsd": -0.5272885054921133,
        "std_nsd": 17.21295927050146,
        "mean_p_value": 0.43872122151974235,
        "n_significant": 45,
        "n_examples": 415,
        "wilcoxon_p": 3.6719339638743826e-30
      },
      "integrated_gradients": {
        "win_rate": 0.5735180722891566,
        "effect_size": 0.27247695138128153,
        "mean_nsd": 0.645250470466667,
        "std_nsd": 19.73455564662577,
        "mean_p_value": 0.43216032446618163,
        "n_significant": 37,
        "n_examples": 415,
        "wilcoxon_p": 4.3206006743180875e-29
      },
      "lime": {
        "win_rate": 0.5452530120481929,
        "effect_size": 0.16386411145922958,
        "mean_nsd": 0.9122274455473496,
        "std_nsd": 19.6452564285968,
        "mean_p_value": 0.46014553262555175,
        "n_significant": 24,
        "n_examples": 415,
        "wilcoxon_p": 1.3660448320429076e-27
      }
    }
  }
}