{
  "config": {
    "model": "mistralai/Mistral-7B-Instruct-v0.3",
    "model_revision": "c170c708c41dac9275d15a8fff4eca08d52bab71",
    "languages": [
      "tr_native",
      "ar_native"
    ],
    "extractor": "gradient",
    "operator": "retrieval",
    "max_examples": 500,
    "k": 0.2,
    "n_permutations": 50,
    "seed": 42,
    "timestamp": "20260218_055039"
  },
  "results": {
    "retrieval": {
      "tr_native": {
        "win_rate": 0.6708,
        "effect_size": 0.8004681835577928,
        "mean_nsr": -0.0841871685378116,
        "n_examples": 500
      },
      "ar_native": {
        "win_rate": 0.5267999999999999,
        "effect_size": 0.18689439509208053,
        "mean_nsr": -2.4083456040669557,
        "n_examples": 500
      }
    }
  }
}