{
  "config": {
    "model": "meta-llama/Llama-3.2-3B-Instruct",
    "model_revision": "0cb88a4f764b7a12671c53f0838cd831a0843b95",
    "languages": [
      "tr_native",
      "ar_native"
    ],
    "extractor": "gradient",
    "operator": "retrieval",
    "max_examples": 500,
    "k": 0.2,
    "n_permutations": 50,
    "seed": 42,
    "timestamp": "20260218_052913"
  },
  "results": {
    "retrieval": {
      "tr_native": {
        "win_rate": 0.5206799999999999,
        "effect_size": 0.10649216863819669,
        "mean_nsr": 0.5998870769978026,
        "n_examples": 500
      },
      "ar_native": {
        "win_rate": 0.5443600000000001,
        "effect_size": 0.15985114384296964,
        "mean_nsr": 2.3254763366921654,
        "n_examples": 500
      }
    }
  }
}