{
  "config": {
    "model": "mistralai/Mistral-7B-Instruct-v0.3",
    "model_revision": "c170c708c41dac9275d15a8fff4eca08d52bab71",
    "languages": [
      "de_native",
      "fr_native"
    ],
    "extractor": "gradient",
    "operator": "retrieval",
    "max_examples": 500,
    "k": 0.2,
    "n_permutations": 50,
    "seed": 42,
    "timestamp": "20260218_051022"
  },
  "results": {
    "retrieval": {
      "de_native": {
        "win_rate": 0.55696,
        "effect_size": 0.4151202263273915,
        "mean_nsr": 0.08411287651149715,
        "n_examples": 500
      },
      "fr_native": {
        "win_rate": 0.5097999999999999,
        "effect_size": 0.5929504687013594,
        "mean_nsr": -0.05000378769889119,
        "n_examples": 500
      }
    }
  }
}