{
  "config": {
    "model": "gpt2",
    "model_revision": "607a30d783dfa663caf39e06633721c8d4cfcd7e",
    "languages": [
      "de_native",
      "fr_native"
    ],
    "extractor": "gradient",
    "operator": "retrieval",
    "max_examples": 500,
    "k": 0.2,
    "n_permutations": 50,
    "seed": 42,
    "timestamp": "20260218_063920"
  },
  "results": {
    "retrieval": {
      "de_native": {
        "win_rate": 0.60076,
        "effect_size": 0.42031736624384164,
        "mean_nsr": -13226.503287281494,
        "n_examples": 500
      },
      "fr_native": {
        "win_rate": 0.20644,
        "effect_size": -1.1335940875680768,
        "mean_nsr": 0.753836865868144,
        "n_examples": 500
      }
    }
  }
}