{
  "config": {
    "model": "Qwen/Qwen2.5-7B-Instruct",
    "model_revision": "a09a35458c702b33eeacc393d103063234e8bc28",
    "languages": [
      "tr_native",
      "ar_native"
    ],
    "extractor": "attention",
    "operator": "retrieval",
    "max_examples": 500,
    "k": 0.2,
    "n_permutations": 50,
    "seed": 42,
    "timestamp": "20260218_072524"
  },
  "results": {
    "retrieval": {
      "tr_native": {
        "win_rate": 0.816,
        "effect_size": 1.8780620043551468,
        "mean_nsr": 0.11126660697790135,
        "n_examples": 500
      },
      "ar_native": {
        "win_rate": 0.48460000000000003,
        "effect_size": -0.03350058087664667,
        "mean_nsr": 0.1331001173802468,
        "n_examples": 500
      }
    }
  }
}