{
  "config": {
    "model": "meta-llama/Llama-3.1-8B",
    "model_revision": "d04e592bb4f6aa9cfee91e2e20afa771667e1d4b",
    "languages": [
      "de_native",
      "fr_native"
    ],
    "extractor": "gradient",
    "operator": "retrieval",
    "max_examples": 500,
    "k": 0.2,
    "n_permutations": 50,
    "seed": 42,
    "timestamp": "20260218_063002"
  },
  "results": {
    "retrieval": {
      "de_native": {
        "win_rate": 0.54184,
        "effect_size": 0.35795096581412406,
        "mean_nsr": 0.23902443143209856,
        "n_examples": 500
      },
      "fr_native": {
        "win_rate": 0.8011999999999999,
        "effect_size": 2.196957014780574,
        "mean_nsr": -0.5996738549518231,
        "n_examples": 500
      }
    }
  }
}