{
  "config": {
    "model": "mistralai/Mistral-7B-Instruct-v0.3",
    "model_revision": "c170c708c41dac9275d15a8fff4eca08d52bab71",
    "languages": [
      "tr_native",
      "ar_native"
    ],
    "extractor": "attention",
    "operator": "retrieval",
    "max_examples": 500,
    "k": 0.2,
    "n_permutations": 50,
    "seed": 42,
    "timestamp": "20260218_061139"
  },
  "results": {
    "retrieval": {
      "tr_native": {
        "win_rate": 0.5314,
        "effect_size": 0.13053272537810912,
        "mean_nsr": 0.057578023889013154,
        "n_examples": 500
      },
      "ar_native": {
        "win_rate": 0.6286799999999999,
        "effect_size": 0.4583567686041585,
        "mean_nsr": 1.6181161567359066,
        "n_examples": 500
      }
    }
  }
}