{
  "config": {
    "model": "meta-llama/Llama-3.2-3B-Instruct",
    "model_revision": "0cb88a4f764b7a12671c53f0838cd831a0843b95",
    "languages": [
      "de_native",
      "fr_native"
    ],
    "extractor": "attention",
    "operator": "retrieval",
    "max_examples": 500,
    "k": 0.2,
    "n_permutations": 50,
    "seed": 42,
    "timestamp": "20260218_051227"
  },
  "results": {
    "retrieval": {
      "de_native": {
        "win_rate": 0.46184,
        "effect_size": 0.4805506694480688,
        "mean_nsr": 0.4476141260970574,
        "n_examples": 500
      },
      "fr_native": {
        "win_rate": 0.39747999999999994,
        "effect_size": -0.44216370702173696,
        "mean_nsr": 0.6063718574640262,
        "n_examples": 500
      }
    }
  }
}