{
  "config": {
    "model": "meta-llama/Llama-3.2-3B-Instruct",
    "model_revision": "0cb88a4f764b7a12671c53f0838cd831a0843b95",
    "languages": [
      "de_native",
      "fr_native"
    ],
    "extractor": "gradient",
    "operator": "retrieval",
    "max_examples": 500,
    "k": 0.2,
    "n_permutations": 50,
    "seed": 42,
    "timestamp": "20260218_045341"
  },
  "results": {
    "retrieval": {
      "de_native": {
        "win_rate": 0.70972,
        "effect_size": 1.7570952041617456,
        "mean_nsr": 0.6768166150554059,
        "n_examples": 500
      },
      "fr_native": {
        "win_rate": 0.56536,
        "effect_size": 0.2913721404624685,
        "mean_nsr": 1.0398755838311504,
        "n_examples": 500
      }
    }
  }
}