{
  "config": {
    "model": "Qwen/Qwen2.5-7B-Instruct",
    "model_revision": "a09a35458c702b33eeacc393d103063234e8bc28",
    "languages": [
      "tr_native",
      "ar_native"
    ],
    "extractor": "gradient",
    "operator": "retrieval",
    "max_examples": 500,
    "k": 0.2,
    "n_permutations": 50,
    "seed": 42,
    "timestamp": "20260218_070618"
  },
  "results": {
    "retrieval": {
      "tr_native": {
        "win_rate": 0.6520799999999999,
        "effect_size": 1.1720465706835488,
        "mean_nsr": 0.07007234998921098,
        "n_examples": 500
      },
      "ar_native": {
        "win_rate": 0.57688,
        "effect_size": 0.24225302509189736,
        "mean_nsr": 0.19443214056370128,
        "n_examples": 500
      }
    }
  }
}