{
  "config": {
    "model": "deepseek-ai/deepseek-llm-7b-chat",
    "model_revision": "afbda8b347ec881666061fa67447046fc5164ec8",
    "languages": [
      "de_native",
      "fr_native"
    ],
    "extractor": "attention",
    "operator": "retrieval",
    "max_examples": 500,
    "k": 0.2,
    "n_permutations": 50,
    "seed": 42,
    "timestamp": "20260218_053106"
  },
  "results": {
    "retrieval": {
      "de_native": {
        "win_rate": 0.11976,
        "effect_size": -1.3933851965028607,
        "mean_nsr": -0.24502290786980963,
        "n_examples": 500
      },
      "fr_native": {
        "win_rate": 0.54396,
        "effect_size": 1.0637515386970637,
        "mean_nsr": 0.19851150661040792,
        "n_examples": 500
      }
    }
  }
}