{
  "config": {
    "model": "LiquidAI/LFM2-2.6B-Exp",
    "model_revision": "b4a1d375c7daaeb50bf495a950cc9604b5a5d005",
    "languages": [
      "de_native",
      "fr_native"
    ],
    "extractor": "attention",
    "operator": "retrieval",
    "max_examples": 500,
    "k": 0.2,
    "n_permutations": 50,
    "seed": 42,
    "timestamp": "20260218_073830"
  },
  "results": {
    "retrieval": {
      "de_native": {
        "win_rate": 0.51612,
        "effect_size": 0.01518075399323197,
        "mean_nsr": -0.011760188856415426,
        "n_examples": 500
      },
      "fr_native": {
        "win_rate": 0.65092,
        "effect_size": 0.5804259567752227,
        "mean_nsr": 3.241089542540786,
        "n_examples": 500
      }
    }
  }
}