{
  "config": {
    "model": "deepseek-ai/deepseek-llm-7b-chat",
    "model_revision": "afbda8b347ec881666061fa67447046fc5164ec8",
    "languages": [
      "tr_native",
      "ar_native"
    ],
    "extractor": "gradient",
    "operator": "retrieval",
    "max_examples": 500,
    "k": 0.2,
    "n_permutations": 50,
    "seed": 42,
    "timestamp": "20260218_055106"
  },
  "results": {
    "retrieval": {
      "tr_native": {
        "win_rate": 0.5684,
        "effect_size": 0.3861786824842621,
        "mean_nsr": 0.6643699193505342,
        "n_examples": 500
      },
      "ar_native": {
        "win_rate": 0.7186800000000001,
        "effect_size": 0.6977694004873463,
        "mean_nsr": 0.8357459735128905,
        "n_examples": 500
      }
    }
  }
}